[{"id":"6281575886399@s.whatsapp.net","besi":17,"gold":10,"emerald":7,"umpan":5,"potion":1},{"id":"918798308154@s.whatsapp.net","besi":95,"gold":30,"emerald":8,"umpan":10,"potion":5},{"id":"79818524141@s.whatsapp.net","besi":95,"gold":30,"emerald":8,"umpan":10,"potion":5},{"id":"79818524141@s.whatsapp.net","besi":95,"gold":30,"emerald":8,"umpan":10,"potion":5},{"id":"79818524141@s.whatsapp.net","besi":95,"gold":30,"emerald":8,"umpan":10,"potion":5},{"id":"918798308154@s.whatsapp.net","besi":95,"gold":30,"emerald":8,"umpan":10,"potion":5},{"id":"918798308154@s.whatsapp.net","besi":95,"gold":30,"emerald":8,"umpan":10,"potion":5},{"id":"79818524141@s.whatsapp.net","besi":95,"gold":30,"emerald":8,"umpan":10,"potion":5},{"id":"918798308154@s.whatsapp.net","besi":95,"gold":30,"emerald":8,"umpan":10,"potion":5},{"id":"918798308154@s.whatsapp.net","besi":95,"gold":30,"emerald":8,"umpan":10,"potion":5},{"id":"918798308154@s.whatsapp.net","besi":95,"gold":30,"emerald":8,"umpan":10,"potion":5},{"id":"79818524141@s.whatsapp.net","besi":95,"gold":30,"emerald":8,"umpan":10,"potion":5},{"id":"918798308154@s.whatsapp.net","besi":95,"gold":30,"emerald":8,"umpan":10,"potion":5},{"id":"918798308154@s.whatsapp.net","besi":95,"gold":30,"emerald":8,"umpan":10,"potion":5},{"id":"918798308154@s.whatsapp.net","besi":95,"gold":30,"emerald":8,"umpan":10,"potion":5},{"id":"79818524141@s.whatsapp.net","besi":95,"gold":30,"emerald":8,"umpan":10,"potion":5},{"id":"79818524141@s.whatsapp.net","besi":95,"gold":30,"emerald":8,"umpan":10,"potion":5},{"id":"918798308154@s.whatsapp.net","besi":95,"gold":30,"emerald":8,"umpan":10,"potion":5},{"id":"918798308154@s.whatsapp.net","besi":95,"gold":30,"emerald":8,"umpan":10,"potion":5},{"id":"79818524141@s.whatsapp.net","besi":95,"gold":30,"emerald":8,"umpan":10,"potion":5},{"id":"918798308154@s.whatsapp.net","besi":95,"gold":30,"emerald":8,"umpan":10,"potion":5},{"id":"918798308154@s.whatsapp.net","besi":95,"gold":30,"emerald":8,"umpan":10,"potion":5},{"id":"79818524141@s.whatsapp.net","besi":95,"gold":30,"emerald":8,"umpan":10,"potion":5},{"id":"918798308154@s.whatsapp.net","besi":95,"gold":30,"emerald":8,"umpan":10,"potion":5},{"id":"918798308154@s.whatsapp.net","besi":95,"gold":30,"emerald":8,"umpan":10,"potion":5},{"id":"918798308154@s.whatsapp.net","besi":95,"gold":30,"emerald":8,"umpan":10,"potion":5},{"id":"918798308154@s.whatsapp.net","besi":95,"gold":30,"emerald":8,"umpan":10,"potion":5},{"id":"918798308154@s.whatsapp.net","besi":95,"gold":30,"emerald":8,"umpan":10,"potion":5},{"id":"79818524141@s.whatsapp.net","besi":95,"gold":30,"emerald":8,"umpan":10,"potion":5},{"id":"918798308154@s.whatsapp.net","besi":95,"gold":30,"emerald":8,"umpan":10,"potion":5},{"id":"918798308154@s.whatsapp.net","besi":95,"gold":30,"emerald":8,"umpan":10,"potion":5},{"id":"918798308154@s.whatsapp.net","besi":95,"gold":30,"emerald":8,"umpan":10,"potion":5},{"id":"79818524141@s.whatsapp.net","besi":95,"gold":30,"emerald":8,"umpan":10,"potion":5},{"id":"79818524141@s.whatsapp.net","besi":95,"gold":30,"emerald":8,"umpan":10,"potion":5},{"id":"918798308154@s.whatsapp.net","besi":95,"gold":30,"emerald":8,"umpan":10,"potion":5},{"id":"918798308154@s.whatsapp.net","besi":95,"gold":30,"emerald":8,"umpan":10,"potion":5},{"id":"918798308154@s.whatsapp.net","besi":95,"gold":30,"emerald":8,"umpan":10,"potion":5},{"id":"918798308154@s.whatsapp.net","besi":95,"gold":30,"emerald":8,"umpan":10,"potion":5},{"id":"918798308154@s.whatsapp.net","besi":95,"gold":30,"emerald":8,"umpan":10,"potion":5},{"id":"918798308154@s.whatsapp.net","besi":95,"gold":30,"emerald":8,"umpan":10,"potion":5},{"id":"79818524141@s.whatsapp.net","besi":95,"gold":30,"emerald":8,"umpan":10,"potion":5},{"id":"918798308154@s.whatsapp.net","besi":95,"gold":30,"emerald":8,"umpan":10,"potion":5},{"id":"918798308154@s.whatsapp.net","besi":95,"gold":30,"emerald":8,"umpan":10,"potion":5},{"id":"79818524141@s.whatsapp.net","besi":95,"gold":30,"emerald":8,"umpan":10,"potion":5},{"id":"918798308154@s.whatsapp.net","besi":95,"gold":30,"emerald":8,"umpan":10,"potion":5},{"id":"918798308154@s.whatsapp.net","besi":95,"gold":30,"emerald":8,"umpan":10,"potion":5},{"id":"918798308154@s.whatsapp.net","besi":95,"gold":30,"emerald":8,"umpan":10,"potion":5},{"id":"918798308154@s.whatsapp.net","besi":95,"gold":30,"emerald":8,"umpan":10,"potion":5},{"id":"918798308154@s.whatsapp.net","besi":95,"gold":30,"emerald":8,"umpan":10,"potion":5},{"id":"79818524141@s.whatsapp.net","besi":95,"gold":30,"emerald":8,"umpan":10,"potion":5},{"id":"79818524141@s.whatsapp.net","besi":95,"gold":30,"emerald":8,"umpan":10,"potion":5},{"id":"79818524141@s.whatsapp.net","besi":95,"gold":30,"emerald":8,"umpan":10,"potion":5},{"id":"79818524141@s.whatsapp.net","besi":95,"gold":30,"emerald":8,"umpan":10,"potion":5},{"id":"79818524141@s.whatsapp.net","besi":95,"gold":30,"emerald":8,"umpan":10,"potion":5},{"id":"79818524141@s.whatsapp.net","besi":95,"gold":30,"emerald":8,"umpan":10,"potion":5},{"id":"918798308154@s.whatsapp.net","besi":95,"gold":30,"emerald":8,"umpan":10,"potion":5},{"id":"79818524141@s.whatsapp.net","besi":95,"gold":30,"emerald":8,"umpan":10,"potion":5},{"id":"79818524141@s.whatsapp.net","besi":95,"gold":30,"emerald":8,"umpan":10,"potion":5},{"id":"918798308154@s.whatsapp.net","besi":95,"gold":30,"emerald":8,"umpan":10,"potion":5},{"id":"79818524141@s.whatsapp.net","besi":95,"gold":30,"emerald":8,"umpan":10,"potion":5},{"id":"918798308154@s.whatsapp.net","besi":95,"gold":30,"emerald":8,"umpan":10,"potion":5},{"id":"918798308154@s.whatsapp.net","besi":95,"gold":30,"emerald":8,"umpan":10,"potion":5},{"id":"918798308154@s.whatsapp.net","besi":95,"gold":30,"emerald":8,"umpan":10,"potion":5},{"id":"916909137213@s.whatsapp.net","besi":95,"gold":30,"emerald":8,"umpan":10,"potion":5},{"id":"916909137213@s.whatsapp.net","besi":95,"gold":30,"emerald":8,"umpan":10,"potion":5},{"id":"916909137213@s.whatsapp.net","besi":95,"gold":30,"emerald":8,"umpan":10,"potion":5},{"id":"916909137213@s.whatsapp.net","besi":95,"gold":30,"emerald":8,"umpan":10,"potion":5},{"id":"916909137213@s.whatsapp.net","besi":95,"gold":30,"emerald":8,"umpan":10,"potion":5},{"id":"916909137213@s.whatsapp.net","besi":95,"gold":30,"emerald":8,"umpan":10,"potion":5},{"id":"917439455733@s.whatsapp.net","besi":95,"gold":30,"emerald":8,"umpan":10,"potion":5},{"id":"917439455733@s.whatsapp.net","besi":95,"gold":30,"emerald":8,"umpan":10,"potion":5},{"id":"917439455733@s.whatsapp.net","besi":95,"gold":30,"emerald":8,"umpan":10,"potion":5},{"id":"917439455733@s.whatsapp.net","besi":95,"gold":30,"emerald":8,"umpan":10,"potion":5},{"id":"917439455733@s.whatsapp.net","besi":95,"gold":30,"emerald":8,"umpan":10,"potion":5},{"id":"917439455733@s.whatsapp.net","besi":95,"gold":30,"emerald":8,"umpan":10,"potion":5},{"id":"917439455733@s.whatsapp.net","besi":95,"gold":30,"emerald":8,"umpan":10,"potion":5},{"id":"12497018123@s.whatsapp.net","besi":95,"gold":30,"emerald":8,"umpan":10,"potion":5},{"id":"918016060782@s.whatsapp.net","besi":95,"gold":30,"emerald":8,"umpan":10,"potion":5},{"id":"918016060782@s.whatsapp.net","besi":95,"gold":30,"emerald":8,"umpan":10,"potion":5},{"id":"919087586674@s.whatsapp.net","besi":95,"gold":30,"emerald":8,"umpan":10,"potion":5},{"id":"919154556777@s.whatsapp.net","besi":95,"gold":30,"emerald":8,"umpan":10,"potion":5},{"id":"918972265171@s.whatsapp.net","besi":95,"gold":30,"emerald":8,"umpan":10,"potion":5},{"id":"919696540731@s.whatsapp.net","besi":95,"gold":30,"emerald":8,"umpan":10,"potion":5},{"id":"917256986832@s.whatsapp.net","besi":95,"gold":30,"emerald":8,"umpan":10,"potion":5},{"id":"917439380609@s.whatsapp.net","besi":95,"gold":30,"emerald":8,"umpan":10,"potion":5},{"id":"919861535140@s.whatsapp.net","besi":95,"gold":30,"emerald":8,"umpan":10,"potion":5},{"id":"919330019778@s.whatsapp.net","besi":95,"gold":30,"emerald":8,"umpan":10,"potion":5},{"id":"18258000787@s.whatsapp.net","besi":95,"gold":30,"emerald":8,"umpan":10,"potion":5},{"id":"919529701554@s.whatsapp.net","besi":95,"gold":30,"emerald":8,"umpan":10,"potion":5}]