{
  "creds": {
    "noiseKey": {
      "private": {
        "type": "Buffer",
        "data": "sIxh+bloDLbt4cTQMnmjBExyDk74kbI2seWzRzMTh2w="
      },
      "public": {
        "type": "Buffer",
        "data": "oHqOLOd70GcJoRuNxBiOTWcT3ZAgPM/2iwfDiUfzbiw="
      }
    },
    "signedIdentityKey": {
      "private": {
        "type": "Buffer",
        "data": "oE84B5Ogbgf0OnV8abnxzbJLslLi5lwcez+Dh+JPyFA="
      },
      "public": {
        "type": "Buffer",
        "data": "4wPZoQtOzNb2/jqlgyCXyyZIoH5/75BYHFbcHHaSkwQ="
      }
    },
    "signedPreKey": {
      "keyPair": {
        "private": {
          "type": "Buffer",
          "data": "4KhHDabb0PYVq+QphI0YslwkeakS/dltM5TR2dyhW1A="
        },
        "public": {
          "type": "Buffer",
          "data": "EYXI12cx0iBRQuNzVK8KbNkNDhZLuFMT2EfKA3AI/kU="
        }
      },
      "signature": {
        "type": "Buffer",
        "data": "SdBFUd2w/uO5lLiZnVTuOviyOvzoOAm5SBaekGnd7PELzqbOPeTPZR2QIZFd+Jotd5KeqtnGy6anFRAi5QNEDg=="
      },
      "keyId": 1
    },
    "registrationId": 55,
    "advSecretKey": "606qnk0odtQjvZ77UQEBXOe5RxYELqkTL8E2esxNzIc=",
    "processedHistoryMessages": [
      {
        "key": {
          "remoteJid": "201116578749@s.whatsapp.net",
          "fromMe": true,
          "id": "E2CD63BD03C26828E6257404F634B573"
        },
        "messageTimestamp": 1666970735
      },
      {
        "key": {
          "remoteJid": "201116578749@s.whatsapp.net",
          "fromMe": true,
          "id": "7EF9B4ACA98CCB8C08E1DE7EE1FF3C46"
        },
        "messageTimestamp": 1666970735
      },
      {
        "key": {
          "remoteJid": "201116578749@s.whatsapp.net",
          "fromMe": true,
          "id": "BAB1AC5DC95B3E05F9B7EDA7DEF865DD"
        },
        "messageTimestamp": 1666970737
      }
    ],
    "nextPreKeyId": 31,
    "firstUnuploadedPreKeyId": 31,
    "accountSettings": {
      "unarchiveChats": false
    },
    "account": {
      "details": "CNny/b8HEOro75oGGAE=",
      "accountSignatureKey": "2Dlw/pjHaMwoxALFU/eqZrY7devNcLUYZ9pYuRVb/mc=",
      "accountSignature": "KZk7Zw7IIGhKUhGjkOsbJmBacUoCYWGVwwk9a7JBM/cZWJly11l0De5Nw04JDxhZKItRbwSIWgctGu2HQLsUCQ==",
      "deviceSignature": "wAliYPPTSelsfz/CN6kTCXdLRpCP7yocpwfBmHE5Xnt5qLZk9oseZqKtl6n41c0pV3MeiCNYM7MXpMi5IWrQBA=="
    },
    "me": {
      "id": "201116578749:6@s.whatsapp.net",
      "name": "Armin Arlirt"
    },
    "signalIdentities": [
      {
        "identifier": {
          "name": "201116578749:6@s.whatsapp.net",
          "deviceId": 0
        },
        "identifierKey": {
          "type": "Buffer",
          "data": "Bdg5cP6Yx2jMKMQCxVP3qma2O3XrzXC1GGfaWLkVW/5n"
        }
      }
    ],
    "platform": "android",
    "lastAccountSyncTimestamp": 1666970733,
    "myAppStateKeyId": "AAAAAKSp"
  },
  "keys": {
    "preKeys": {
      "1": {
        "private": {
          "type": "Buffer",
          "data": "2HXXubXFEavChBVnMn1b3cSY9SUODIpsVg88Z/TlClg="
        },
        "public": {
          "type": "Buffer",
          "data": "jetrhkZPq1GGps3YOlj/+3libAW+5PRG8gDckHywKT8="
        }
      },
      "2": {
        "private": {
          "type": "Buffer",
          "data": "OIhrU+ZTElJKnAIcbkhA0kKujLdqWCZq0+4tj96W1Ug="
        },
        "public": {
          "type": "Buffer",
          "data": "L9VwoZmhgE4IDfLZv4e+uzxTzyRAE1vXfL3Qq3CvwHg="
        }
      },
      "3": {
        "private": {
          "type": "Buffer",
          "data": "gCNiN2uboH1DgxlEH4WINla5PtRr2mwq8kNHNLHWDUo="
        },
        "public": {
          "type": "Buffer",
          "data": "k5Df1kOD2MylZk3h7EXNUIHgXA37whjUDIdAnzY1UiA="
        }
      },
      "4": {
        "private": {
          "type": "Buffer",
          "data": "gAXttHAXAVu4+55zateBG0ps7Sp5wDC2a6mead6iGXs="
        },
        "public": {
          "type": "Buffer",
          "data": "lenFbFfTG6U4ydu+2Ope3V2T7oaenjttPy+9ymQAo0E="
        }
      },
      "5": {
        "private": {
          "type": "Buffer",
          "data": "wMyNsuv9w1f4QlJuO6bvvce2pgHgEwQ/A6wNN6sF72Y="
        },
        "public": {
          "type": "Buffer",
          "data": "gL3ICJ/4vNdg7j/1icEUs0cN1XxBqyx9JpExtWnPUwY="
        }
      },
      "6": {
        "private": {
          "type": "Buffer",
          "data": "0CQP/NbS24YxwvOzTSEz0lcD1tO+afhR7Gm34nNbF2A="
        },
        "public": {
          "type": "Buffer",
          "data": "XK1cZj+dZ26IKz6Pv1H3bJ6CWwvzjAoMZpTGQ9adHlA="
        }
      },
      "7": {
        "private": {
          "type": "Buffer",
          "data": "kHsxu2K8hnqwPb9kU6Rm8XgkW6lC2oyHQ7mNKlEbEFA="
        },
        "public": {
          "type": "Buffer",
          "data": "RnsugDDNOskguLJBK+uSlAWVurkH5y36SVg92+MD5AM="
        }
      },
      "8": {
        "private": {
          "type": "Buffer",
          "data": "UHVyyP7Wmdk0kvxovZfea0fw29E0vjWSYfbLuUsnMlM="
        },
        "public": {
          "type": "Buffer",
          "data": "69KY6kJC+6iaJzZ0qP/qSWMeExt5ZeRsVgfF8h9C4iA="
        }
      },
      "9": {
        "private": {
          "type": "Buffer",
          "data": "EPQWkxx7e4989ZBrQq5EIi/ELrwIozyNzGKi93oLxkI="
        },
        "public": {
          "type": "Buffer",
          "data": "ymqr9PJo3CM94HXz+WTGcfDDzd4p719qHL7dSY8zYQc="
        }
      },
      "10": {
        "private": {
          "type": "Buffer",
          "data": "aDZG5AI2gi2HzdXNCYJRcIAMomzXEDk8uX5MbkZK0ng="
        },
        "public": {
          "type": "Buffer",
          "data": "XEi4Jngqt/PMZXUAO/nZtJawV3vJuu3syHPFEG2VNQY="
        }
      },
      "11": {
        "private": {
          "type": "Buffer",
          "data": "QKrxkqJkppA8TnC0IR/CnmgY9LXgJ37IFzNRqDwjPF0="
        },
        "public": {
          "type": "Buffer",
          "data": "JPnwtMt99Oucqmjb5JOstpCBrSWodaElWUAqUg8mD0o="
        }
      },
      "12": {
        "private": {
          "type": "Buffer",
          "data": "2FVLOrYdHMguPeNqlhY1vzzadU/+r+TV2bpV3USpw3M="
        },
        "public": {
          "type": "Buffer",
          "data": "UlBHzadElmmfMVF4KVIcSBmlvD9tlH+Fq4pWk0KhfRA="
        }
      },
      "13": {
        "private": {
          "type": "Buffer",
          "data": "iHBhCWRhyszR4v4gVBj4A4wVNOF/tG45wyJpY60X/FM="
        },
        "public": {
          "type": "Buffer",
          "data": "vWiGDUN+zHLFVlZAGtEQDQmNGHG7XpQdbG9I81dSXgw="
        }
      },
      "14": {
        "private": {
          "type": "Buffer",
          "data": "8CaebxFo5FOe/p+tS+2pHZ3aaQ8n/JZ7R8bjzU8hcnA="
        },
        "public": {
          "type": "Buffer",
          "data": "QzJd8AO+5K98V5LXXMN6oapy8AlnnP/OlHqFoVjQBQY="
        }
      },
      "15": {
        "private": {
          "type": "Buffer",
          "data": "uMajgSNPyT8o9km9QPWeyG5T0Lp4EuNY07Ljbc5JJVo="
        },
        "public": {
          "type": "Buffer",
          "data": "fp/vOn9ipuHkz1/JoybWKp9lZqN9wSEs7I8GFjrRF0g="
        }
      },
      "16": {
        "private": {
          "type": "Buffer",
          "data": "CIz+c7kcUkNST3LNqFhlGF/xZCSbeEfK3wZzbHO3/lY="
        },
        "public": {
          "type": "Buffer",
          "data": "Sa2R5AIawXw68/gsGaQlVzXGye8IhRpueEyXsHP4SU4="
        }
      },
      "17": {
        "private": {
          "type": "Buffer",
          "data": "MJuxEIQ6vRk02/y2yg5APUcZvRpR5DNIFE+7bZ7n9EY="
        },
        "public": {
          "type": "Buffer",
          "data": "3h/BwBpQkEqlztFd/v8CAqYc5FFSwYC9YW+4G0PGGio="
        }
      },
      "18": {
        "private": {
          "type": "Buffer",
          "data": "WKZLWtS1yulZJfU0JnoBgpvgCUazeOFPwYLdupHPK3o="
        },
        "public": {
          "type": "Buffer",
          "data": "5AKlhU1VCM/TbSeVae0hfkpCr+LpLjgnljvwx3JFe2o="
        }
      },
      "19": {
        "private": {
          "type": "Buffer",
          "data": "cNOzKD1blGfF4CWy2zWDgKSSM7o4D/34Ogs5ZQK4224="
        },
        "public": {
          "type": "Buffer",
          "data": "oU/reAeuHKt18K68sJ/JRVETlrXpX03UdaAJuY65wlI="
        }
      },
      "20": {
        "private": {
          "type": "Buffer",
          "data": "2I9ZAUCUm1L41suXpJwH+TauiloPE/vG90QPyhAL12Q="
        },
        "public": {
          "type": "Buffer",
          "data": "q15/IcvlNAUbP+TJ/R+MZiU7whHm+547s4tW8mpdLT4="
        }
      },
      "21": {
        "private": {
          "type": "Buffer",
          "data": "+LD3lb5M5nmNS3fa9KJlsVS0qBy2J3dFDtkeYYjHSHg="
        },
        "public": {
          "type": "Buffer",
          "data": "2mhCJ+udl4zjq9C/j8uZa6aEyb4BuV4VYKTtqjK2wBk="
        }
      },
      "22": {
        "private": {
          "type": "Buffer",
          "data": "WAmaW7/2oAVg0fvY3+60fJGsM/sJxEDhxmyzQi+0skk="
        },
        "public": {
          "type": "Buffer",
          "data": "RETYZUbL/xc2+nQ8Vn76ae77xyN84w+6c7kpXlbkOAQ="
        }
      },
      "23": {
        "private": {
          "type": "Buffer",
          "data": "mB2bKB5i/jwQ7e77S1pscsG7rwT7sedJ7IXBaO3MEEI="
        },
        "public": {
          "type": "Buffer",
          "data": "0Cq867JHxWTbief25T20Ybm2WqaZLbAvaOiZG2FTMWk="
        }
      },
      "24": {
        "private": {
          "type": "Buffer",
          "data": "mBJ8bTGCDaYepsHBsCeAyepQ6fmnRwTr3S1BlneayE8="
        },
        "public": {
          "type": "Buffer",
          "data": "phU+agGwO/HmaeWQ7n69CEeIpmbOI7y8i98Um6Y8mFU="
        }
      },
      "25": {
        "private": {
          "type": "Buffer",
          "data": "yPUUJMMo49hFKGJ1b86avgA4mciwHgtw+6Cff/oHK20="
        },
        "public": {
          "type": "Buffer",
          "data": "jb49jrCo2LTffQ9wdaq9xrAXQ7CiCq5++9YiKridegU="
        }
      },
      "26": {
        "private": {
          "type": "Buffer",
          "data": "uBfiV6fmTmLBqPMDNpQItbjMTH2ZWy6U3kRTOrc7+m4="
        },
        "public": {
          "type": "Buffer",
          "data": "DC+KXj7mwhOxHlDWuvTzbixIQ99VnaonFDgN/V3yrVE="
        }
      },
      "27": {
        "private": {
          "type": "Buffer",
          "data": "iJRojSr1+ehfRD9Gx/7yofNpQJNvxE6KPSavvoSAeWM="
        },
        "public": {
          "type": "Buffer",
          "data": "cvEoBigE4GJak3qDLf9d78kc5ZkbSG0vvIja8E3sqHo="
        }
      },
      "28": {
        "private": {
          "type": "Buffer",
          "data": "GPXCr+wfYh73S375M10aSYDqjooEaGJU2qYeoSTNgkw="
        },
        "public": {
          "type": "Buffer",
          "data": "vsh7sb+GMBIdvHq4jRNe4mBwWcMIrr69ufwWh6URVzM="
        }
      },
      "29": {
        "private": {
          "type": "Buffer",
          "data": "4KBd0nu95G4aLYI7t9jFcLqDjMxLx4zdLWDlONW8ZUw="
        },
        "public": {
          "type": "Buffer",
          "data": "F/3zJEM1SsYyjLjDFkpsyjCfIio+HlUyemjvyD4usyM="
        }
      },
      "30": {
        "private": {
          "type": "Buffer",
          "data": "eID0ao8VGqvo0LO2t9gdQA0Wv13UANDeMXvddNskUmg="
        },
        "public": {
          "type": "Buffer",
          "data": "AWNazMAzE2Dbwu0qfb/KQC3GyePe5s0vtlPTu10jpCE="
        }
      }
    },
    "sessions": {
      "201116578749.0": {
        "_sessions": {
          "BZrYyp1XOsLdcc9STQApIDkCwQVMoJv9cD60QL8Ihzwg": {
            "registrationId": 995888743,
            "currentRatchet": {
              "ephemeralKeyPair": {
                "pubKey": "BWfD0vzXqoUN1ja8bJdunU0RG4Gu/C3rpQFtsDqiTDUh",
                "privKey": "yAE8fiNLszItOGqZZYKQ9D5WdaGbNoNDF27Up/+nQ0w="
              },
              "lastRemoteEphemeralKey": "BaH1t1S54ZuM5HG8n35h393Ag3E66PGqxRaO+X3xq8MK",
              "previousCounter": 1,
              "rootKey": "QMT7y6wNzAvfGVEwgK9dOFzfrErQ2mTRRHSk74MHu34="
            },
            "indexInfo": {
              "baseKey": "BZrYyp1XOsLdcc9STQApIDkCwQVMoJv9cD60QL8Ihzwg",
              "baseKeyType": 2,
              "closed": -1,
              "used": 1666970746539,
              "created": 1666970735473,
              "remoteIdentityKey": "Bdg5cP6Yx2jMKMQCxVP3qma2O3XrzXC1GGfaWLkVW/5n"
            },
            "_chains": {
              "BSie+rHR+gnDX2Dv/OuDTY76G0pkRJAYwCvGj5skaOVL": {
                "chainKey": {
                  "counter": 6
                },
                "chainType": 2,
                "messageKeys": {}
              },
              "BaH1t1S54ZuM5HG8n35h393Ag3E66PGqxRaO+X3xq8MK": {
                "chainKey": {
                  "counter": 1,
                  "key": "9ofNlMx5ypoo3BwV/XxY4Pr/0BUHcU0YG8BBVfg4xf0="
                },
                "chainType": 2,
                "messageKeys": {}
              },
              "BWfD0vzXqoUN1ja8bJdunU0RG4Gu/C3rpQFtsDqiTDUh": {
                "chainKey": {
                  "counter": -1,
                  "key": "cX1B7inexgMVOWVlMIkjbMWRgB9dCEe/3UkiJ5UkNhk="
                },
                "chainType": 1,
                "messageKeys": {}
              }
            }
          }
        },
        "version": "v1"
      }
    },
    "appStateSyncKeys": {
      "AAAAAKSp": {
        "keyData": "F3+H5pd4Q4rS/Bh9qcI8NVtj0DvRMg2+Rg8pRYu8FCE=",
        "fingerprint": {
          "rawId": 2013231449,
          "currentIndex": 1,
          "deviceIndexes": [
            0,
            1
          ]
        },
        "timestamp": "1666970734137"
      }
    },
    "appStateVersions": {
      "critical_block": {
        "version": 1,
        "hash": {
          "type": "Buffer",
          "data": "rixIp84I8BTOe89tvK4WlPJag6xVWme+CbZvXu0o1Fd4Ac0y34p7AQS7Uo8KNDGfEz5oAKDS2aRWmkogK1t0vN2JC441fy8SxpUIEzGszJ/xv2gCwPhvqccFGWILp82TAsmoj35z3g0L9JPC/uNbhYV2syEz5kjxUY+fImtdJRY="
        },
        "indexValueMap": {
          "nWCj8yQWunPGOCCGsEzeNi4T7lsEqPman6H7IcwyGzg=": {
            "valueMac": {
              "type": "Buffer",
              "data": "+RYVaEcGRDTQIrccTQK+tSjgcgQ8tcHrtzLivrjFF7k="
            }
          },
          "upPqzQYlLorB0tf7qhqOeOjEz54rW9bI/6ufL/Hsy6U=": {
            "valueMac": {
              "type": "Buffer",
              "data": "RFDZgSvNcNOs+pQH+YYArzuu3Mg0UGk6OgwywtgaN68="
            }
          }
        }
      },
      "regular": {
        "version": 1,
        "hash": {
          "type": "Buffer",
          "data": "zzIc8OoJ+4Gi2H3ieU809f/CRrwGjYwsSAqyYzZe0Ef2P7ZynWgzA644HyLeRTtKEYOesNUDs6eGvamTNmwv9QLGe6GiFXk1Q2qLCWXGLD6GXqqinw8MCwwpKHBYcHU/BbdHAMDzIC777En5w4+B2JhV4Za/kuXhpEOO7G2sEEs="
        },
        "indexValueMap": {
          "goPd9VrCjmLMJemAU2Oig4VIurlB2/1L9F87bsFRF/8=": {
            "valueMac": {
              "type": "Buffer",
              "data": "KLGA9Q+/uMJyuJYlMxWD5xOmD9K+bDxAb3fgDsZilec="
            }
          }
        }
      },
      "regular_low": {
        "version": 1,
        "hash": {
          "type": "Buffer",
          "data": "s5t5ooxDuDc+zw0mk2q81WlWTRZS7Xzj46CkfwKeXbRizrODxfivO3XfxU5lB6VtzwX7Amvufl1UTbC3Cvl1U6eGzAesI7EeVwWAz/UkVgSwEoLYSYLXVPncMHo5gIOb7tyBf4yZ4GbUc4XfrzUajqi6mPNaWbEvkPzQsEuY+7M="
        },
        "indexValueMap": {
          "gJyMf/N6ZImJMpTkvPwT35D1zPEJTmS7HsjITOunPcA=": {
            "valueMac": {
              "type": "Buffer",
              "data": "ro/5PPsmi00EpSYpZ4ixNfNvBp85DL0PHKcD5EvLztA="
            }
          },
          "RnsyBRXt2fDzihm8zxd2RMKuNp8QGQouVJP4/hyV49o=": {
            "valueMac": {
              "type": "Buffer",
              "data": "Hh6UZHSI6M+Zw/fAD38FIyPoB9soQ89k4fnDBB8A3/0="
            }
          }
        }
      }
    }
  }
}