[{"id":"6281278478110@s.whatsapp.net","time":1624653627637,"reason":"Nothing."},{"id":"6285624725422@s.whatsapp.net","time":1624866193234,"reason":"Nothing."},{"id":"62895359565236@s.whatsapp.net","time":1624932436187,"reason":"mau mencari kitab suci yang baru yang lama dah gak enak"},{"id":"6283896985125@s.whatsapp.net","time":1624943759763,"reason":"tidur"},{"id":"6289692599979@s.whatsapp.net","time":1625098771096,"reason":"comly"},{"id":"6281393763149@s.whatsapp.net","time":1625107967274,"reason":"lanjut Molor"},{"id":"6287760884187@s.whatsapp.net","time":1625200225058,"reason":"tidur"},{"id":"6285389601841@s.whatsapp.net","time":1625347538294,"reason":"mkn"},{"id":"6283161525348@s.whatsapp.net","time":1625381594510,"reason":"Nothing."},{"id":"62895379573880@s.whatsapp.net","time":1625825604247,"reason":"Nothing."},{"id":"6285817414657@s.whatsapp.net","time":1625855463054,"reason":"Nothing."},{"id":"6281249632324@s.whatsapp.net","time":1625917040584,"reason":"Nothing."},{"id":"6285267199383@s.whatsapp.net","time":1625918707625,"reason":"mau nonton xnxx.com"},{"id":"6285658844882@s.whatsapp.net","time":1625921963409,"reason":"Mao tdur🐦🤙"},{"id":"6282173219787@s.whatsapp.net","time":1625922271565,"reason":"g tau mau apa"},{"id":"6281253306023@s.whatsapp.net","time":1626088931287,"reason":"sampai dalang dibalik pembunuhan munir terungkap"},{"id":"6281286012375@s.whatsapp.net","time":1626093258767,"reason":"Nothing."},{"id":"6281292319410@s.whatsapp.net","time":1626446861260,"reason":"Nothing."},{"id":"6281342427892@s.whatsapp.net","time":1626447085173,"reason":"op bo"},{"id":"6289697157354@s.whatsapp.net","time":1626708328663,"reason":"🤔🤔🤔🤔"},{"id":"62895710147600@s.whatsapp.net","time":1627260555462,"reason":"grgrgr"},{"id":"15627318207@s.whatsapp.net","time":1627262309588,"reason":"Nothing."},{"id":"6289625570900@s.whatsapp.net","time":1627262530249,"reason":"Nothing."},{"id":"6288210271811@s.whatsapp.net","time":1627375971666,"reason":"Nothing."},{"id":"6283148559659@s.whatsapp.net","time":1627377356774,"reason":"besok school"},{"id":"6282334682384@s.whatsapp.net","time":1627387139230,"reason":"sibuk"},{"id":"62895621804261@s.whatsapp.net","time":1627389574310,"reason":"lagi dengar musik"},{"id":"6281243362217@s.whatsapp.net","time":1627403369501,"reason":"lagi ngupil"},{"id":"6285713449665@s.whatsapp.net","time":1628343665861,"reason":"Nothing."},{"id":"6281909055283@s.whatsapp.net","time":1628566263680,"reason":"Nothing."},{"id":"6283815839490@s.whatsapp.net","time":1628843582835,"reason":"lagi tidur panjang"},{"id":"6283111501472@s.whatsapp.net","time":1628844755983,"reason":"jangan ngagu ajg"},{"id":"6281261782726@s.whatsapp.net","time":1628944944216,"reason":"keluar grup"},{"id":"6283102049573@s.whatsapp.net","time":1628946582216,"reason":"lag woe anj 🗿"},{"id":"628983702838@s.whatsapp.net","time":1629075067613,"reason":"mau bunuh bot gila"},{"id":"62887433167140@s.whatsapp.net","time":1629348874827,"reason":"kamu nikahi aku"},{"id":"62895377775194@s.whatsapp.net","time":1629352810702,"reason":"main Call Of Duty Advanced Warfare 1 tahun"},{"id":"6289654110485@s.whatsapp.net","time":1629473881717,"reason":"ngantuk"},{"id":"6282252875751@s.whatsapp.net","time":1629520522387,"reason":"berburu janda"},{"id":"6281999155507@s.whatsapp.net","time":1629521173574,"reason":"Nothing."},{"id":"6285607790877@s.whatsapp.net","time":1629521589908,"reason":"lgi makan  makan kulkas"},{"id":"628127668234@s.whatsapp.net","time":1629686636529,"reason":"tidur setelah sekian lama"}]